{
    "2018-12": {
        "data": {
            "not reached": 117,
            "true": 82,
            "false": 2
        },
        "rate": 0.9761904761904762
    },
    "2019-01": {
        "data": {
            "not reached": 126,
            "true": 112,
            "false": 3
        },
        "rate": 0.9739130434782609
    },
    "2019-02": {
        "data": {
            "not reached": 287,
            "true": 222,
            "false": 4
        },
        "rate": 0.9823008849557522
    },
    "2019-03": {
        "data": {
            "not reached": 286,
            "true": 239,
            "false": 5
        },
        "rate": 0.9795081967213115
    },
    "2019-04": {
        "data": {
            "not reached": 333,
            "true": 301,
            "false": 18
        },
        "rate": 0.9435736677115988
    },
    "2019-05": {
        "data": {
            "not reached": 437,
            "true": 342,
            "false": 7
        },
        "rate": 0.9799426934097422
    },
    "2019-06": {
        "data": {
            "not reached": 329,
            "true": 298,
            "false": 5
        },
        "rate": 0.9834983498349835
    },
    "2019-07": {
        "data": {
            "not reached": 382,
            "true": 302,
            "false": 10
        },
        "rate": 0.967948717948718
    },
    "2019-08": {
        "data": {
            "not reached": 651,
            "true": 463,
            "false": 11
        },
        "rate": 0.9767932489451476
    },
    "2019-09": {
        "data": {
            "not reached": 542,
            "true": 371,
            "false": 9
        },
        "rate": 0.9763157894736842
    },
    "2019-10": {
        "data": {
            "not reached": 563,
            "true": 500,
            "false": 6
        },
        "rate": 0.9881422924901185
    },
    "2019-11": {
        "data": {
            "not reached": 650,
            "true": 436,
            "false": 6
        },
        "rate": 0.9864253393665159
    },
    "2019-12": {
        "data": {
            "not reached": 811,
            "true": 505,
            "false": 14
        },
        "rate": 0.9730250481695568
    },
    "2020-01": {
        "data": {
            "not reached": 518,
            "true": 363,
            "false": 9
        },
        "rate": 0.9758064516129032
    },
    "2020-02": {
        "data": {
            "not reached": 801,
            "true": 515,
            "false": 18
        },
        "rate": 0.9662288930581614
    },
    "2020-03": {
        "data": {
            "not reached": 993,
            "true": 497,
            "false": 16
        },
        "rate": 0.9688109161793372
    },
    "2020-04": {
        "data": {
            "not reached": 797,
            "true": 416,
            "false": 7
        },
        "rate": 0.983451536643026
    },
    "2020-05": {
        "data": {
            "not reached": 560,
            "true": 215,
            "false": 12
        },
        "rate": 0.947136563876652
    },
    "2020-06": {
        "data": {
            "not reached": 972,
            "true": 427,
            "false": 23
        },
        "rate": 0.9488888888888889
    },
    "2020-07": {
        "data": {
            "not reached": 1738,
            "true": 718,
            "false": 24
        },
        "rate": 0.967654986522911
    },
    "2020-08": {
        "data": {
            "not reached": 1263,
            "true": 559,
            "false": 31
        },
        "rate": 0.9474576271186441
    },
    "2020-09": {
        "data": {
            "not reached": 583,
            "true": 358,
            "false": 5
        },
        "rate": 0.9862258953168044
    },
    "2020-10": {
        "data": {
            "not reached": 1047,
            "true": 476,
            "false": 13
        },
        "rate": 0.9734151329243353
    },
    "2020-11": {
        "data": {
            "not reached": 1190,
            "true": 538,
            "false": 19
        },
        "rate": 0.9658886894075404
    },
    "2020-12": {
        "data": {
            "not reached": 709,
            "true": 510,
            "false": 10
        },
        "rate": 0.9807692307692307
    },
    "2021-01": {
        "data": {
            "not reached": 366,
            "true": 307,
            "false": 7
        },
        "rate": 0.9777070063694268
    },
    "2021-02": {
        "data": {
            "not reached": 616,
            "true": 384,
            "false": 10
        },
        "rate": 0.9746192893401016
    },
    "2021-03": {
        "data": {
            "not reached": 654,
            "true": 433,
            "false": 11
        },
        "rate": 0.9752252252252253
    },
    "2021-04": {
        "data": {
            "not reached": 834,
            "true": 611,
            "false": 80
        },
        "rate": 0.8842257597684515
    },
    "2021-05": {
        "data": {
            "not reached": 519,
            "true": 259,
            "false": 173
        },
        "rate": 0.5995370370370371
    },
    "2021-06": {
        "data": {
            "not reached": 417,
            "true": 265,
            "false": 174
        },
        "rate": 0.6036446469248291
    },
    "2021-07": {
        "data": {
            "not reached": 507,
            "false": 367,
            "true": 262
        },
        "rate": 0.4165341812400636
    },
    "2021-08": {
        "data": {
            "not reached": 266,
            "true": 255,
            "false": 152
        },
        "rate": 0.6265356265356266
    },
    "2021-09": {
        "data": {
            "not reached": 297,
            "false": 201,
            "true": 179
        },
        "rate": 0.4710526315789474
    },
    "2021-10": {
        "data": {
            "not reached": 396,
            "true": 202,
            "false": 181
        },
        "rate": 0.5274151436031331
    },
    "2021-11": {
        "data": {
            "not reached": 532,
            "false": 236,
            "true": 235
        },
        "rate": 0.4989384288747346
    },
    "2021-12": {
        "data": {
            "not reached": 257,
            "false": 161,
            "true": 140
        },
        "rate": 0.46511627906976744
    },
    "2022-01": {
        "data": {
            "not reached": 274,
            "false": 130,
            "true": 94
        },
        "rate": 0.41964285714285715
    },
    "2022-02": {
        "data": {
            "not reached": 375,
            "false": 308,
            "true": 145
        },
        "rate": 0.3200883002207506
    },
    "2022-03": {
        "data": {
            "not reached": 613,
            "false": 262,
            "true": 73
        },
        "rate": 0.21791044776119403
    },
    "2022-04": {
        "data": {
            "not reached": 490,
            "false": 238,
            "true": 170
        },
        "rate": 0.4166666666666667
    },
    "2022-05": {
        "data": {
            "not reached": 239,
            "false": 168,
            "true": 134
        },
        "rate": 0.44370860927152317
    }
}